{
  "it": 3,
  "k": 30,
  "idxs": [
    1,
    28,
    16,
    17,
    20,
    21,
    25,
    22,
    7,
    17,
    13,
    9,
    7,
    27,
    3,
    25,
    15,
    17,
    8,
    7,
    18,
    4,
    4,
    4,
    15,
    5,
    29,
    24,
    16,
    28,
    21,
    26,
    16,
    27,
    16,
    24,
    27,
    29,
    14,
    0,
    8,
    9,
    26,
    25,
    9,
    23,
    25,
    26,
    18,
    10,
    25,
    6,
    11,
    15,
    7,
    9,
    24,
    23,
    23,
    12,
    20,
    13,
    3,
    10,
    3,
    23,
    19,
    12,
    16,
    8,
    9,
    19,
    6,
    9,
    5,
    17,
    28,
    14,
    21,
    2
  ],
  "centroids": [
    [363.627255232365, -110.73248668293296],
    [336.9641908204052, -53.41891513298833],
    [54.47479387766107, 71.84846969382343],
    [-234.19570032222074, 69.68878896103166],
    [88.00374392017206, 207.81838055991116],
    [-122.57708059872655, -68.97172482355792],
    [-153.79289554054952, 46.81701970045978],
    [-70.20014033133072, -163.35010142524],
    [14.38613145719417, 154.17941149566653],
    [32.56489955460982, -228.92681080557364],
    [-80.21660500442567, -26.52198141477104],
    [260.32661970528886, -147.33578988982677],
    [-272.53839797139483, -23.7753733933924],
    [-98.06207481596778, 139.441766678225],
    [-210.3393552630566, 151.8880127473272],
    [149.24441151880407, 371.2340727832017],
    [64.24784409095773, -124.02346350186876],
    [-152.07672072950828, -208.79150742638242],
    [-22.315885137869024, -41.93730168680834],
    [178.53974599853282, 13.22931891918715],
    [394.5041247974129, -18.495193138649974],
    [36.658207866670246, 4.9770011938815495],
    [307.8712751023894, 334.13589329702324],
    [-53.47645971202171, 73.67710582780568],
    [-45.732647113920365, 303.9833241264858],
    [-216.78783309322063, -80.85736439866446],
    [119.0994437719075, -34.85133717714767],
    [-233.5585404885645, -191.24371046640218],
    [409.8264316170309, 108.36748968972093],
    [104.65484519614218, 85.4521609382512]
  ]
}